<ImportExportXml version="9.1.0.11139" SolutionPackageVersion="9.1" languagecode="1033" generatedBy="CrmLive" xmlns:xsi="http://www.w3.org/2001/XMLSchema-instance">
  <SolutionManifest>
    <UniqueName>CountryPickerPCF</UniqueName>
    <LocalizedNames>
      <LocalizedName description="CountryPickerPCF" languagecode="1033" />
    </LocalizedNames>
    <Descriptions />
    <Version>1.0.0.0</Version>
    <Managed>0</Managed>
    <Publisher>
      <UniqueName>drivardxrm</UniqueName>
      <LocalizedNames>
        <LocalizedName description="drivardxrm" languagecode="1033" />
      </LocalizedNames>
      <Descriptions>
        <Description description="drivardxrm" languagecode="1033" />
      </Descriptions>
      <EMailAddress xsi:nil="true"></EMailAddress>
      <SupportingWebsiteUrl xsi:nil="true"></SupportingWebsiteUrl>
      <CustomizationPrefix>driv</CustomizationPrefix>
      <CustomizationOptionValuePrefix>47955</CustomizationOptionValuePrefix>
      <Addresses>
        <Address>
          <AddressNumber>1</AddressNumber>
          <AddressTypeCode>1</AddressTypeCode>
          <City xsi:nil="true"></City>
          <County xsi:nil="true"></County>
          <Country xsi:nil="true"></Country>
          <Fax xsi:nil="true"></Fax>
          <FreightTermsCode xsi:nil="true"></FreightTermsCode>
          <ImportSequenceNumber xsi:nil="true"></ImportSequenceNumber>
          <Latitude xsi:nil="true"></Latitude>
          <Line1 xsi:nil="true"></Line1>
          <Line2 xsi:nil="true"></Line2>
          <Line3 xsi:nil="true"></Line3>
          <Longitude xsi:nil="true"></Longitude>
          <Name xsi:nil="true"></Name>
          <PostalCode xsi:nil="true"></PostalCode>
          <PostOfficeBox xsi:nil="true"></PostOfficeBox>
          <PrimaryContactName xsi:nil="true"></PrimaryContactName>
          <ShippingMethodCode>1</ShippingMethodCode>
          <StateOrProvince xsi:nil="true"></StateOrProvince>
          <Telephone1 xsi:nil="true"></Telephone1>
          <Telephone2 xsi:nil="true"></Telephone2>
          <Telephone3 xsi:nil="true"></Telephone3>
          <TimeZoneRuleVersionNumber xsi:nil="true"></TimeZoneRuleVersionNumber>
          <UPSZone xsi:nil="true"></UPSZone>
          <UTCOffset xsi:nil="true"></UTCOffset>
          <UTCConversionTimeZoneCode xsi:nil="true"></UTCConversionTimeZoneCode>
        </Address>
        <Address>
          <AddressNumber>2</AddressNumber>
          <AddressTypeCode>1</AddressTypeCode>
          <City xsi:nil="true"></City>
          <County xsi:nil="true"></County>
          <Country xsi:nil="true"></Country>
          <Fax xsi:nil="true"></Fax>
          <FreightTermsCode xsi:nil="true"></FreightTermsCode>
          <ImportSequenceNumber xsi:nil="true"></ImportSequenceNumber>
          <Latitude xsi:nil="true"></Latitude>
          <Line1 xsi:nil="true"></Line1>
          <Line2 xsi:nil="true"></Line2>
          <Line3 xsi:nil="true"></Line3>
          <Longitude xsi:nil="true"></Longitude>
          <Name xsi:nil="true"></Name>
          <PostalCode xsi:nil="true"></PostalCode>
          <PostOfficeBox xsi:nil="true"></PostOfficeBox>
          <PrimaryContactName xsi:nil="true"></PrimaryContactName>
          <ShippingMethodCode>1</ShippingMethodCode>
          <StateOrProvince xsi:nil="true"></StateOrProvince>
          <Telephone1 xsi:nil="true"></Telephone1>
          <Telephone2 xsi:nil="true"></Telephone2>
          <Telephone3 xsi:nil="true"></Telephone3>
          <TimeZoneRuleVersionNumber xsi:nil="true"></TimeZoneRuleVersionNumber>
          <UPSZone xsi:nil="true"></UPSZone>
          <UTCOffset xsi:nil="true"></UTCOffset>
          <UTCConversionTimeZoneCode xsi:nil="true"></UTCConversionTimeZoneCode>
        </Address>
      </Addresses>
    </Publisher>
    <RootComponents>
      <RootComponent type="60" id="{177128dc-9dfe-4ff6-ad3c-8468ecf28b9e}" behavior="0" />
      <RootComponent type="66" schemaName="driv_DR.CountryPicker" behavior="0" />
    </RootComponents>
    <MissingDependencies>
      <MissingDependency>
        <Required key="0" type="1" schemaName="xrm_countrydemo" displayName="CountryDemo" solution="Active" />
        <Dependent key="1" type="60" displayName="Information" parentDisplayName="CountryDemo" id="{177128dc-9dfe-4ff6-ad3c-8468ecf28b9e}" />
      </MissingDependency>
      <MissingDependency>
        <Required key="2" type="2" schemaName="xrm_countryname2" displayName="CountryName2" parentSchemaName="xrm_countrydemo" parentDisplayName="CountryDemo" solution="Active" />
        <Dependent key="1" type="60" displayName="Information" parentDisplayName="CountryDemo" id="{177128dc-9dfe-4ff6-ad3c-8468ecf28b9e}" />
      </MissingDependency>
      <MissingDependency>
        <Required key="3" type="2" schemaName="xrm_countryname3" displayName="CountryName3" parentSchemaName="xrm_countrydemo" parentDisplayName="CountryDemo" solution="Active" />
        <Dependent key="1" type="60" displayName="Information" parentDisplayName="CountryDemo" id="{177128dc-9dfe-4ff6-ad3c-8468ecf28b9e}" />
      </MissingDependency>
      <MissingDependency>
        <Required key="4" type="2" schemaName="ownerid" displayName="Owner" parentSchemaName="xrm_countrydemo" parentDisplayName="CountryDemo" solution="Active" />
        <Dependent key="1" type="60" displayName="Information" parentDisplayName="CountryDemo" id="{177128dc-9dfe-4ff6-ad3c-8468ecf28b9e}" />
      </MissingDependency>
      <MissingDependency>
        <Required key="5" type="2" schemaName="xrm_country1" displayName="Country1" parentSchemaName="xrm_countrydemo" parentDisplayName="CountryDemo" solution="Active" />
        <Dependent key="1" type="60" displayName="Information" parentDisplayName="CountryDemo" id="{177128dc-9dfe-4ff6-ad3c-8468ecf28b9e}" />
      </MissingDependency>
      <MissingDependency>
        <Required key="6" type="2" schemaName="xrm_countryname1" displayName="CountryName1" parentSchemaName="xrm_countrydemo" parentDisplayName="CountryDemo" solution="Active" />
        <Dependent key="1" type="60" displayName="Information" parentDisplayName="CountryDemo" id="{177128dc-9dfe-4ff6-ad3c-8468ecf28b9e}" />
      </MissingDependency>
      <MissingDependency>
        <Required key="7" type="2" schemaName="xrm_country2" displayName="Country2" parentSchemaName="xrm_countrydemo" parentDisplayName="CountryDemo" solution="Active" />
        <Dependent key="1" type="60" displayName="Information" parentDisplayName="CountryDemo" id="{177128dc-9dfe-4ff6-ad3c-8468ecf28b9e}" />
      </MissingDependency>
      <MissingDependency>
        <Required key="8" type="2" schemaName="xrm_country3" displayName="Country3" parentSchemaName="xrm_countrydemo" parentDisplayName="CountryDemo" solution="Active" />
        <Dependent key="1" type="60" displayName="Information" parentDisplayName="CountryDemo" id="{177128dc-9dfe-4ff6-ad3c-8468ecf28b9e}" />
      </MissingDependency>
      <MissingDependency>
        <Required key="9" type="2" schemaName="xrm_name" displayName="Name" parentSchemaName="xrm_countrydemo" parentDisplayName="CountryDemo" solution="Active" />
        <Dependent key="1" type="60" displayName="Information" parentDisplayName="CountryDemo" id="{177128dc-9dfe-4ff6-ad3c-8468ecf28b9e}" />
      </MissingDependency>
    </MissingDependencies>
  </SolutionManifest>
</ImportExportXml>