<manifest><control namespace="DR" constructor="CountryPicker" version="1.1.2" display-name-key="CountryPicker" description-key="CountryPicker control" control-type="standard" preview-image="img/CountryPicker.png" api-version="1.2.1"><property name="countrycode" display-name-key="CountryCode" description-key="REQUIRED: Bound Country field (represents ISO 3166-1 3-letter country code)" of-type="SingleLine.Text" usage="bound" required="true" /><property name="countryname" display-name-key="CountryName" description-key="OPTIONAL: Country name in the chosen language (default : English)" of-type="SingleLine.Text" usage="bound" /><property name="language" display-name-key="Language" description-key="Base language for country names" of-type="Enum" usage="input" required="true"><value name="en" display-name-key="en" description-key="English" default="true">en</value><value name="de" display-name-key="de" description-key="German">de</value><value name="es" display-name-key="es" description-key="Spanish">es</value><value name="fr" display-name-key="fr" description-key="French">fr</value><value name="ja" display-name-key="ja" description-key="Japanese">ja</value><value name="it" display-name-key="it" description-key="Italian">it</value><value name="pt" display-name-key="pt" description-key="Portuguese">pt</value><value name="nl" display-name-key="nl" description-key="Dutch">nl</value><value name="fa" display-name-key="fa" description-key="Persian">fa</value></property><property name="promoted" display-name-key="Promoted" description-key="Promoted countries (Will appear first) *Use comma separated list of ISO 3166-1 3-letter country code* (Ex. USA,CAN,MEX)" of-type="SingleLine.Text" usage="input" /><property name="limit" display-name-key="Limit" description-key="Limit to these countries *Use comma separated list of ISO 3166-1 3-letter country code* (Ex. USA,CAN,MEX)" of-type="SingleLine.Text" usage="input" /><property name="displayinfo" display-name-key="DisplayInfo" description-key="Display Info Panel" of-type="Enum" usage="input" required="true"><value name="true" display-name-key="true" description-key="True" default="true">true</value><value name="false" display-name-key="false" description-key="False">false</value></property><resources><code path="bundle.js" order="1" /></resources><built-by name="pac" version="1.1.6" /></control></manifest>